Country,Talent,Infrastructure,Operating Environment,Research,Development,Government Strategy,Commercial
United States of America,100,94.02,64.56,100,100,77.39,100
China,16.51,100,91.57,71.42,79.97,94.87,44.02
United Kingdom,39.65,71.43,74.65,36.5,25.03,82.82,18.91
Canada,31.28,77.05,93.94,30.67,25.78,100,14.88
Israel,35.76,67.58,82.44,32.63,27.96,43.91,27.33
Singapore,39.38,84.3,43.15,37.67,22.55,79.82,15.07
South Korea,14.54,85.23,68.86,26.66,77.25,87.5,5.41
The Netherlands,33.83,81.99,88.05,25.54,30.17,62.35,4.97
Germany,27.63,77.22,70.22,35.84,24.79,84.65,8.29
France,28.32,77.15,80.02,25.48,21.44,91.2,7.65
Australia,25.43,63.43,61.23,32.63,41.15,82.11,6.72
Ireland,29.93,89.5,70.15,16.79,30.85,69.44,3.94
Finland,24.99,71.6,78.76,25.21,18.32,85.99,4.64
Denmark,27.07,74.08,85.39,26.01,8.92,74.23,3.46
Luxembourg,21.66,94.88,66.96,19.39,19.95,66.69,4.68
Japan,15.18,84.58,57.53,22.51,34.47,71.96,7.31
India,45.27,33.91,77.3,18.92,30.86,58.83,7.39
Switzerland,25.63,78.43,44.14,38.24,23.11,12.18,7.76
Sweden,28.21,75.19,66.77,27.61,17.81,40.35,4.51
Hong Kong,17.56,96.11,59.5,31.51,8.63,33.29,5.3
Spain,17.61,73.32,75.36,18.6,10.87,91.28,3.08
Austria,16.97,64.49,76.3,23.56,17.81,72.14,3.08
Estonia,18.74,63.65,88.67,11.75,9.31,72.08,12.51
Taiwan,12.34,77.86,56.67,25.71,19.99,55.97,2.53
Norway,27.61,76.2,36.65,21.18,13.56,59.05,3.95
Saudi Arabia,4.49,70.8,100,13.63,14.38,91.63,4.73
Belgium,15.17,65.1,64.08,22.15,19.81,63.58,5.31
Poland,14.21,70.96,99.56,10.6,9.09,78.14,2.25
Slovenia,13.02,72.06,94.55,19.1,1.06,80.38,0.61
New Zealand,23.3,69.78,90.35,12.23,5.96,47.62,2.49
Italy,11.09,64.76,83.25,20.3,14.66,61.43,2.64
Russia,12.46,62.59,52.85,14.21,19.48,90.4,1.38
Malta,15.87,67.12,70.96,5.96,11.72,70.49,4.3
United Arab Emirates,2.65,79.16,72.12,5.13,15.53,81.38,3.22
Portugal,13.43,64.2,80.66,8.96,3.92,70.69,2.05
Czech Republic,11.11,64.26,76.97,11.26,2.7,70.29,1.75
Iceland,18.45,72.45,41.19,18.29,0.19,22.15,5.74
Lithuania,14.3,63.19,80.67,3.22,6.18,64.28,1.77
Brazil,13.46,62.61,72.82,4.83,5.07,67.72,1.36
Greece,7.62,55.44,83.58,15.12,2.21,22.15,0.92
Slovakia,8.55,65.36,88.71,2.97,0.34,43.07,0.67
Hungary,10.34,69.17,58.01,4.31,5.4,55.01,1.08
Malaysia,10.44,62.04,73.24,5.57,0.88,47.6,0.63
Mexico,1.72,41.85,97.03,8.11,4.46,54.21,0.78
Chile,10.56,61.97,56.73,1.49,0.67,60.5,2.95
Argentina,8.4,56.15,75.95,1.25,3.19,54.94,0.34
Qatar,0,67.97,62.58,11.94,0,33.49,0
Turkey,8.49,40.74,64.34,9.53,1.02,67.45,0.95
Colombia,4.97,54.8,62.37,0,0.89,85.29,0.5
Uruguay,7.28,58.77,70.75,0.73,0.26,30.92,0.43
Bahrain,4.99,60.39,60.9,2.53,0,17.72,0.24
Vietnam,6.34,55.76,37.61,2.03,0.3,68.86,0.31
Indonesia,5.51,47.52,51.18,0.98,3.52,59.99,0.91
Tunisia,8.94,38.59,62.32,3.9,0,12.18,0.15
South Africa,4.61,45.73,58.43,0.83,7.52,0,2.03
Morocco,3.36,44.88,60.17,1.46,0.05,15.9,0.1
Armenia,6.69,37.84,58.4,0.28,0.33,14.4,1.37
Sri Lanka,6.27,34.64,35.79,0.12,0.95,35.57,0.09
Egypt,1.11,38.84,0,2.08,1.54,68.72,0.31
Kenya,0.75,14.11,29.84,0.07,12.15,7.75,0.31
Nigeria,2.74,0,50.1,0.45,2.06,7.75,0.33
Pakistan,8,2.43,12.48,2.17,1.09,13.92,0.27
